{
    "model": {
        "type": "range_dispatch",
        "property": "custom_model_data",
        "fallback": {
            "type": "model",
            "model": "minecraft:item/book"
        },
        "entries": [
            {
                "threshold": 1,
                "model": {
                    "type": "model",
                    "model": "item/cyan_written"
                }
            },
            {
                "threshold": 2,
                "model": {
                    "type": "model",
                    "model": "item/black_written"
                }
            },
            {
                "threshold": 3,
                "model": {
                    "type": "model",
                    "model": "item/rank_token_10"
                }
            }
        ]
    }
}