{
    "model": {
        "type": "range_dispatch",
        "property": "custom_model_data",
        "fallback": {
            "type": "model",
            "model": "item/diamond_sword"
        },
        "entries": [
            {
                "threshold": 1,
                "model": {
                    "type": "model",
                    "model": "item/diamond_sword"
                }
            },
            {
                "threshold": 2,
                "model": {
                    "type": "model",
                    "model": "item/halo_energy_sword"
                }
            },
            {
                "threshold": 3,
                "model": {
                    "type": "model",
                    "model": "item/md_diamond_sword"
                }
            }
        ]
    }
}