{
    "model": {
        "type": "range_dispatch",
        "property": "custom_model_data",
        "fallback": {
            "type": "model",
            "model": "minecraft:item/music_disc_11"
        },
        "entries": [
            {
                "threshold": 1,
                "model": {
                    "type": "model",
                    "model": "item/music_disc_pigstep"
                }
            },
            {
                "threshold": 2,
                "model": {
                    "type": "model",
                    "model": "item/music_disc_mall"
                }
            },
            {
                "threshold": 3,
                "model": {
                    "type": "model",
                    "model": "item/music_disc_stal"
                }
            },
            {
                "threshold": 4,
                "model": {
                    "type": "model",
                    "model": "item/music_disc_cat"
                }
            },
            {
                "threshold": 5,
                "model": {
                    "type": "model",
                    "model": "item/music_disc_doctorwho"
                }
            },
            {
                "threshold": 6,
                "model": {
                    "type": "model",
                    "model": "item/music_disc_hermitgang"
                }
            },
            {
                "threshold": 7,
                "model": {
                    "type": "model",
                    "model": "item/music_disc_crystalmaze"
                }
            },
            {
                "threshold": 8,
                "model": {
                    "type": "model",
                    "model": "item/music_disc_doyouevenbust"
                }
            },
            {
                "threshold": 9,
                "model": {
                    "type": "model",
                    "model": "item/music_disc_getbackup"
                }
            },
            {
                "threshold": 10,
                "model": {
                    "type": "model",
                    "model": "item/music_disc_spidermantheme"
                }
            },
            {
                "threshold": 11,
                "model": {
                    "type": "model",
                    "model": "item/music_disc_xmentheme"
                }
            },
            {
                "threshold": 12,
                "model": {
                    "type": "model",
                    "model": "item/music_disc_500chunks"
                }
            },
            {
                "threshold": 13,
                "model": {
                    "type": "model",
                    "model": "item/music_disc_40yearsofgaming"
                }
            },
            {
                "threshold": 14,
                "model": {
                    "type": "model",
                    "model": "item/music_disc_alltheway"
                }
            },
            {
                "threshold": 15,
                "model": {
                    "type": "model",
                    "model": "item/music_disc_divingintoodeep"
                }
            },
            {
                "threshold": 16,
                "model": {
                    "type": "model",
                    "model": "item/music_disc_moonquest"
                }
            },
            {
                "threshold": 17,
                "model": {
                    "type": "model",
                    "model": "item/music_disc_diggydiggyhole"
                }
            },
            {
                "threshold": 18,
                "model": {
                    "type": "model",
                    "model": "item/music_disc_howdoicraftthisagain"
                }
            },
            {
                "threshold": 19,
                "model": {
                    "type": "model",
                    "model": "item/music_disc_screwthenether"
                }
            },
            {
                "threshold": 20,
                "model": {
                    "type": "model",
                    "model": "item/music_disc_dibbydibbydiamonds"
                }
            }
        ]
    }
}