{
	"parent": "minecraft:item/generated",
	"textures": {
		"layer0": "minecraft:item/paper"
	},
	
	"overrides": [
		{"predicate": {"custom_model_data":1}, "model": "item/rank_token_1"},
		{"predicate": {"custom_model_data":2}, "model": "item/rank_token_2"},
		{"predicate": {"custom_model_data":3}, "model": "item/rank_token_3"},
		{"predicate": {"custom_model_data":4}, "model": "item/rank_token_4"},
		{"predicate": {"custom_model_data":5}, "model": "item/rank_token_5"},
		{"predicate": {"custom_model_data":6}, "model": "item/rank_token_6"},
		{"predicate": {"custom_model_data":7}, "model": "item/rank_token_7"},
		{"predicate": {"custom_model_data":8}, "model": "item/rank_token_8"},
		{"predicate": {"custom_model_data":9}, "model": "item/rank_token_9"}
	]
}