{
  "parent": "minecraft:item/generated",
  "textures": {
    "layer0": "minecraft:item/music_disc_11"
  },
  "overrides": [
        { "predicate": {"custom_model_data": 1 }, "model": "item/music_disc_pigstep" },
        { "predicate": {"custom_model_data": 2 }, "model": "item/music_disc_mall" },
        { "predicate": {"custom_model_data": 3 }, "model": "item/music_disc_stal" },
        { "predicate": {"custom_model_data": 4 }, "model": "item/music_disc_cat" },
		{ "predicate": {"custom_model_data": 5 }, "model": "item/music_disc_doctorwho" },
		{ "predicate": {"custom_model_data": 6 }, "model": "item/music_disc_hermitgang" },
		{ "predicate": {"custom_model_data": 7 }, "model": "item/music_disc_crystalmaze" },
		{ "predicate": {"custom_model_data": 8 }, "model": "item/music_disc_doyouevenbust" },
		{ "predicate": {"custom_model_data": 9 }, "model": "item/music_disc_getbackup" },
		{ "predicate": {"custom_model_data": 10 }, "model": "item/music_disc_spidermantheme" },
		{ "predicate": {"custom_model_data": 11 }, "model": "item/music_disc_xmentheme" },
		{ "predicate": {"custom_model_data": 12 }, "model": "item/music_disc_500chunks" },
		{ "predicate": {"custom_model_data": 13 }, "model": "item/music_disc_40yearsofgaming" },
		{ "predicate": {"custom_model_data": 14 }, "model": "item/music_disc_alltheway" },
		{ "predicate": {"custom_model_data": 15 }, "model": "item/music_disc_divingintoodeep" },
		{ "predicate": {"custom_model_data": 16 }, "model": "item/music_disc_moonquest" },
		{ "predicate": {"custom_model_data": 17 }, "model": "item/music_disc_diggydiggyhole" },
		{ "predicate": {"custom_model_data": 18 }, "model": "item/music_disc_howdoicraftthisagain" },
		{ "predicate": {"custom_model_data": 19 }, "model": "item/music_disc_screwthenether" },
		{ "predicate": {"custom_model_data": 20 }, "model": "item/music_disc_dibbydibbydiamonds" }
    ]
}