{
"bluedragon.doctorwho": {
  "sounds": [
    {
      "name": "records/doctorwho",
      "stream": true
    }
  ]
},
"bluedragon.crystalmaze": {
  "sounds": [
    {
      "name": "records/crystalmaze",
      "stream": true
    }
  ]
},
"bluedragon.hermitgang": {
  "sounds": [
    {
      "name": "records/hermitgang",
      "stream": true
    }
  ]
},
"bluedragon.doyouevenbust": {
  "sounds": [
    {
      "name": "records/doyouevenbust",
      "stream": true
    }
  ]
},
"bluedragon.getbackup": {
  "sounds": [
    {
      "name": "records/getbackup",
      "stream": true
    }
  ]
},
"bluedragon.spidermantheme": {
  "sounds": [
    {
      "name": "records/spidermantheme",
      "stream": true
    }
  ]
},
"bluedragon.xmentheme": {
  "sounds": [
    {
      "name": "records/xmentheme",
      "stream": true
    }
  ]
},
"bluedragon.500chunks": {
  "sounds": [
    {
      "name": "records/500chunks",
      "stream": true
    }
  ]
},
"bluedragon.40yearsofgaming": {
  "sounds": [
    {
      "name": "records/40yearsofgaming",
      "stream": true
    }
  ]
},
"bluedragon.alltheway": {
  "sounds": [
    {
      "name": "records/alltheway",
      "stream": true
    }
  ]
},
"bluedragon.divingintoodeep": {
  "sounds": [
    {
      "name": "records/divingintoodeep",
      "stream": true
    }
  ]
},
"bluedragon.moonquest": {
  "sounds": [
    {
      "name": "records/moonquest",
      "stream": true
    }
  ]
},
"bluedragon.diggydiggyhole": {
  "sounds": [
    {
      "name": "records/diggydiggyhole",
      "stream": true
    }
  ]
},
"bluedragon.howdoicraftthisagain": {
  "sounds": [
    {
      "name": "records/howdoicraftthisagain",
      "stream": true
    }
  ]
},
"bluedragon.screwthenether": {
  "sounds": [
    {
      "name": "records/screwthenether",
      "stream": true
    }
  ]
},
"bluedragon.dibbydibbydiamonds": {
  "sounds": [
    {
      "name": "records/dibbydibbydiamonds",
      "stream": true
    }
  ]
}
}
